thumb_sensor,index_finger_sensor,middle_finger_sensor,ring_finger_sensor,little_finger_sensor,palm_sensor
738,376,513,753,598,985
738,376,513,753,599,986
738,375,513,752,598,985
739,375,513,752,598,984
738,374,513,752,598,984
738,375,512,752,598,984
738,374,511,753,599,985
738,374,512,752,598,985
739,376,511,753,598,985
738,375,512,752,598,986
738,375,512,753,597,985
738,376,513,752,599,984
737,376,512,752,598,985
738,376,512,753,598,987
739,376,512,752,598,984
736,375,512,753,597,985
738,375,514,753,598,985
738,376,513,753,598,985
739,376,513,753,598,984
737,375,513,752,598,985
738,376,512,752,598,986
738,377,511,752,598,984
738,376,513,753,597,986
738,375,510,753,598,985
738,375,512,752,598,985
738,375,513,752,598,984
738,375,513,752,598,985
738,375,512,753,598,985
738,375,512,753,598,983
738,374,512,753,598,985
738,375,512,753,598,985
737,374,513,753,599,985
738,374,513,752,598,985
738,374,513,753,597,981
738,375,513,753,598,986
738,374,512,753,599,984
738,375,512,752,598,984
737,375,513,753,599,985
738,375,512,753,598,984
737,375,513,753,598,984
739,375,512,753,598,986
738,374,512,753,598,984
738,376,512,753,598,985
737,375,512,750,598,985
739,375,513,753,598,984
738,376,512,754,598,985
738,375,511,753,598,985
738,375,513,752,598,985
737,374,513,753,598,985
738,375,512,753,599,984
738,374,512,753,599,985
737,376,512,753,599,984
738,375,511,754,599,985
738,374,511,752,598,984
737,376,511,753,598,986
738,375,510,753,599,984
738,375,511,754,599,985
738,375,511,753,598,980
738,375,511,754,600,986
738,374,511,753,599,985
737,374,511,754,599,985
737,374,511,754,599,985
737,375,511,753,598,984
737,375,512,753,598,984
737,374,511,753,599,983
737,374,510,751,598,984
737,374,511,754,600,983
737,374,511,754,599,984
738,375,511,754,599,984
738,374,511,754,598,984
737,374,511,754,599,985
737,373,510,753,599,985
738,375,510,753,599,985
736,374,511,754,599,985
737,374,510,754,599,983
738,374,510,754,599,986
737,374,510,754,600,984
738,373,511,754,598,985
738,373,510,753,599,986
738,374,511,754,600,985
739,374,511,754,599,987
738,373,511,753,600,985
739,374,511,753,599,984
739,375,510,754,599,986
738,375,511,754,599,984
739,373,511,753,598,985
739,376,512,754,599,984
741,375,511,753,600,986
739,375,512,754,599,984
738,376,511,754,599,986
739,375,511,754,599,985
739,375,514,753,600,987
739,375,512,754,599,985
739,375,512,754,599,985
739,376,511,754,599,985
739,375,512,754,599,984
739,375,511,753,600,987
739,375,512,755,600,985
739,375,512,754,601,986
739,375,512,755,599,984
738,374,512,754,600,986
739,374,511,755,599,985
739,374,511,756,600,985
739,374,512,754,600,986
738,374,512,755,600,986
739,374,511,754,600,985
739,374,511,755,600,985
739,375,511,754,599,985
739,374,511,755,600,986
738,373,511,755,600,986
739,374,511,753,599,986
739,373,510,755,599,986
738,374,511,755,600,986
738,374,511,755,600,986
738,374,510,754,600,986
738,373,511,754,601,985
739,373,510,754,599,984
740,374,511,754,601,986
739,373,510,754,600,986
739,373,511,755,600,985
738,373,511,755,599,986
738,373,511,754,600,986
738,374,511,753,600,985
739,374,511,755,600,986
739,374,510,754,601,986
738,374,512,754,601,985
739,375,511,756,600,985
738,372,511,755,599,985
739,374,511,754,600,986
738,374,510,755,599,985
737,373,511,755,600,984
738,374,511,755,600,985
737,373,511,754,599,986
738,373,510,754,600,985
738,374,511,755,599,985
738,374,510,755,599,985
737,374,511,756,601,986
737,373,511,755,600,986
738,373,510,755,599,985
738,373,511,754,600,985
738,373,511,756,600,984
738,374,512,755,600,985
738,373,511,757,600,985
737,374,510,755,599,986
738,374,510,755,600,985
738,373,510,756,599,985
738,373,511,755,601,985
738,373,511,755,599,985
738,373,510,755,601,984
738,373,512,755,599,985
739,373,510,754,600,985
738,374,510,755,600,985
739,373,510,754,599,985
739,373,510,755,600,985
739,372,510,756,600,983
739,373,511,755,600,986
738,373,511,755,600,985
738,372,511,755,599,986
739,374,511,755,601,985
738,373,511,755,600,985
739,375,510,754,599,985
739,373,511,755,601,988
739,374,510,755,601,985
739,374,511,755,599,985
740,374,511,755,600,986
739,374,510,755,599,985
739,373,511,755,600,985
739,373,511,755,600,986
739,372,511,756,600,986
739,373,510,756,600,984
738,373,510,755,599,985
739,374,510,754,600,985
739,374,510,755,600,985
739,374,510,756,599,985
739,373,510,755,600,985
739,373,510,755,600,985
738,374,510,756,600,985
739,373,510,754,600,986
739,374,510,755,601,985
739,373,510,755,599,985
738,374,510,755,599,985
739,373,509,755,600,984
740,374,509,755,600,985
738,374,509,755,599,985
739,373,510,755,600,986
739,374,509,755,600,985
739,374,509,755,600,985
739,374,509,754,599,986
739,373,509,755,600,986
739,373,507,755,599,986
739,373,509,755,600,985
738,373,509,755,600,985
739,373,509,754,599,985
739,373,509,755,600,985
738,373,509,755,600,984
737,372,508,755,600,986
739,373,509,756,599,984
739,372,509,755,600,985
739,371,509,755,600,984
738,371,509,755,600,985
737,372,509,755,599,985
739,371,509,755,599,983
739,373,508,755,600,984
738,372,508,755,599,985
738,372,510,756,600,986
738,372,509,754,599,984
739,372,508,754,600,985
738,371,507,754,598,984
738,372,508,753,600,984
738,371,508,755,599,984
737,372,508,753,599,985
738,371,509,755,599,985
739,372,509,754,600,984
738,371,509,755,599,985
738,371,508,753,599,983
738,371,509,754,599,984
737,370,508,754,598,984
738,370,508,755,599,984
738,370,508,753,599,984
738,370,508,754,599,984
738,370,508,753,599,984
738,370,507,754,598,984
737,371,507,754,599,985
738,369,507,759,598,984
738,370,507,755,597,983
738,370,508,754,598,984
739,370,507,754,599,984
738,371,507,754,599,985
738,370,507,755,598,985
738,371,507,755,598,983
738,370,507,753,598,984
738,369,507,754,598,981
737,368,507,755,598,984
738,369,507,754,599,984
738,369,507,755,597,983
738,370,506,755,598,984
738,370,506,754,598,984
737,369,506,754,597,983
738,369,506,754,597,985
738,369,506,754,598,983
738,370,506,754,598,984
738,369,506,754,597,985
737,369,505,754,597,983
737,369,508,754,596,984
738,369,506,754,597,983
738,370,506,755,598,984
737,369,507,755,598,984
738,369,506,755,598,984
737,367,506,755,597,983
737,367,506,755,598,984
738,368,506,754,598,984
738,368,506,754,598,985
737,368,506,754,597,984
737,367,506,755,598,984
737,367,506,754,597,984
738,368,506,755,597,983
737,368,506,754,597,983
737,368,505,754,597,982
737,368,505,755,597,984
737,368,507,754,597,983
738,368,504,754,596,983
737,367,505,753,596,983
737,367,505,754,595,984
736,368,501,753,596,983
736,367,505,753,597,983
737,367,504,753,596,984
736,368,505,754,596,983
737,365,505,752,596,984
736,367,505,751,596,983
736,366,503,754,596,983
736,367,505,754,596,982
735,368,505,754,596,982
736,366,503,753,596,983
736,366,504,754,595,983
736,367,504,753,595,983
735,366,505,753,595,983
735,367,504,753,596,984
735,366,504,753,595,983
734,365,503,752,594,983
734,366,504,753,595,982
735,365,505,752,595,983
734,365,503,753,596,982
734,364,503,753,595,983
734,366,504,753,595,981
734,366,503,753,592,982
735,366,503,753,595,983
734,365,503,754,595,982
736,365,503,753,595,982
735,365,505,754,595,981
734,366,504,753,594,983
735,366,503,752,596,983
735,365,503,753,594,983
735,366,508,753,595,982
735,365,504,754,595,983
735,366,503,753,596,983
735,365,504,753,595,982
734,366,503,753,595,981
736,366,503,753,594,983
734,365,503,753,595,982
735,365,501,753,594,983
735,365,503,753,595,983
735,364,503,752,593,983
735,365,502,754,593,983
734,364,503,753,594,982
735,365,503,753,594,982
735,365,502,753,594,979
735,364,502,753,593,983
735,366,502,753,595,983
735,364,503,752,594,982
734,364,502,753,594,982
734,365,502,753,594,982
734,365,503,753,594,983
733,365,502,752,594,981
735,364,502,753,594,983
734,364,502,753,594,981
733,364,502,752,594,982
735,365,502,754,593,980
734,365,503,753,593,981
735,365,502,754,593,983
734,365,502,753,593,983
734,364,502,753,593,982
734,365,502,753,593,981
734,365,502,753,592,982
734,365,502,753,594,982
734,365,502,752,593,981
732,365,503,752,592,982
734,365,503,753,592,982
734,365,502,753,592,982
734,365,502,753,592,982
733,366,502,753,593,982
734,366,503,753,592,981
734,366,503,753,592,981
734,365,502,753,592,982
734,366,503,754,592,981
734,364,502,752,591,982
733,366,501,753,592,980
735,365,502,753,593,981
733,364,503,752,592,982
734,364,503,751,592,982
734,364,503,753,592,983
735,364,502,753,591,981
732,364,502,753,591,982
732,361,502,753,592,982
733,363,502,753,592,981
733,364,503,753,591,981
733,364,502,753,592,982
733,363,502,752,592,982
733,363,503,752,591,981
733,362,502,753,592,981
733,364,503,753,591,981
733,364,503,753,592,981
733,363,502,752,591,979
733,363,502,752,592,981
732,363,503,753,591,982
733,364,502,753,591,982
733,364,502,752,590,982
733,363,502,753,590,981
733,363,503,752,590,982
733,364,502,753,589,981
731,364,501,752,591,983
733,364,502,754,590,981
732,363,502,752,589,981
730,364,502,752,589,982
732,363,501,750,590,981
732,362,501,752,588,981
733,363,502,751,588,979
733,365,502,752,589,981
732,363,501,753,589,982
733,364,501,752,589,981
733,363,501,751,589,982
732,364,501,751,588,981
733,364,502,752,589,981
732,363,502,752,590,981
732,363,502,752,589,981
733,363,502,752,590,982
732,363,503,752,589,979
732,363,502,751,589,981
731,363,502,752,589,984
732,363,502,752,589,983
732,363,502,752,589,981
733,363,502,752,590,981
733,362,502,752,589,982
732,362,503,753,589,982
732,363,503,753,589,982
733,363,502,752,589,981
732,362,503,753,588,981
732,362,501,753,588,981
732,362,504,753,589,981
733,362,502,753,589,982
733,363,503,752,588,982
732,363,502,753,588,981
733,363,502,752,589,980
732,362,502,752,589,981
732,364,503,753,589,981
732,362,502,753,588,981
733,362,502,753,589,983
733,362,503,752,588,982
733,362,502,753,588,981
733,361,502,753,589,981
732,360,502,753,589,982
732,361,502,754,589,982
732,361,502,753,589,981
732,361,501,753,589,981
732,360,503,752,589,982
732,360,501,753,588,981
732,360,503,753,589,981
732,360,502,753,589,982
732,359,503,752,588,981
732,359,502,753,589,980
732,361,502,752,589,981
732,361,502,754,588,981
731,360,503,753,589,980
731,361,501,752,589,981
731,360,502,753,587,982
732,360,502,752,589,979
732,358,503,754,588,981
731,359,502,753,589,981
732,358,503,753,589,981
732,358,503,753,588,980
743,358,502,753,588,981
740,357,499,753,588,981
740,358,503,753,589,982
741,357,503,753,588,981
740,356,502,752,588,981
740,358,502,752,589,981
739,358,502,752,588,981
732,358,503,752,589,981
732,358,502,752,588,981
732,357,502,753,589,979
732,357,502,753,588,982
733,357,503,752,588,981
732,357,502,753,588,981
733,357,502,753,588,981
731,357,502,753,587,981
732,356,501,752,588,981
732,356,501,753,588,982
732,356,502,752,588,981
732,357,501,752,588,981
733,356,502,752,588,980
732,356,501,753,588,981
733,355,501,752,588,981
732,355,501,751,589,982
732,356,499,752,588,981
733,356,500,753,588,981
732,357,500,752,588,981
732,357,499,753,589,981
742,356,500,752,588,981
744,355,500,753,589,981
744,355,499,752,588,981
744,356,500,752,589,981
744,354,500,752,589,981
744,354,501,754,588,982
743,354,500,753,589,981
745,354,500,753,590,981
745,355,500,753,589,981
745,356,500,754,590,982
745,354,500,753,589,982
745,354,500,753,590,982
744,355,500,752,591,982
745,355,500,753,591,982
745,356,500,752,592,982
745,356,500,752,593,982
744,355,500,751,591,982
745,356,500,752,592,982
746,356,500,752,593,982
746,356,502,751,595,982
747,356,500,751,594,980
746,356,501,752,595,983
747,356,500,752,595,982
747,356,501,750,596,981
747,354,501,751,594,980
747,356,502,751,595,982
748,356,501,750,595,982
748,355,502,752,595,983
749,356,502,751,595,982
749,356,501,751,596,983
749,355,501,750,595,982
750,355,502,752,596,982
749,356,502,751,596,983
750,356,502,751,596,983
750,356,503,751,595,983
746,356,502,752,596,983
746,356,502,752,595,982
743,356,503,752,595,982
737,357,504,751,596,983
734,356,503,751,595,982
734,355,504,752,596,982
734,356,502,752,596,983
734,356,503,753,596,984
734,357,503,752,596,982
734,357,503,753,596,982
734,357,503,753,596,983
734,355,502,752,596,983
735,357,503,752,596,983
734,357,503,752,596,983
734,356,502,752,596,984
734,357,503,752,596,983
734,357,503,752,596,982
735,357,503,752,596,983
734,357,503,752,596,983
734,357,503,752,596,983
734,358,503,752,595,982
734,357,503,752,596,982
734,357,503,752,596,983
734,357,504,751,595,983
734,358,504,752,595,984
735,357,503,752,595,983
735,357,503,752,596,982
734,358,504,752,595,982
734,357,503,752,596,982
734,356,503,752,596,984
734,357,503,752,596,983
735,357,503,752,596,982
735,356,504,751,596,985
734,356,503,752,595,983
734,357,502,751,595,982
735,357,501,752,595,983
734,357,503,752,596,982
734,356,502,752,594,983
733,358,503,751,596,982
732,357,503,751,595,982
734,357,502,752,595,983
733,354,502,752,596,982
734,357,503,752,595,982
734,357,502,752,596,982
734,356,502,753,595,983
733,357,502,752,594,982
733,357,503,752,595,982
734,357,503,753,595,983
734,356,501,753,595,982
732,356,502,754,595,983
733,356,502,751,596,982
733,356,502,753,595,982
732,356,500,752,595,983
734,356,500,753,596,982
733,356,500,752,595,983
733,355,499,753,597,982
733,356,499,753,597,983
733,355,500,752,597,983
733,355,499,752,596,982
733,356,499,753,597,982
734,356,499,753,596,982
733,355,499,753,596,983
733,354,500,753,596,983
734,355,499,753,596,982
733,355,500,753,597,982
733,354,500,753,597,983
733,354,500,753,597,983
733,355,501,754,596,983
732,355,500,753,596,983
735,355,501,752,598,982
733,354,500,753,596,982
732,353,501,754,597,981
734,353,500,753,597,981
734,353,501,753,597,982
733,354,501,754,596,982
734,354,500,754,596,983
733,353,500,753,596,982
733,353,499,754,597,983
733,352,500,754,596,984
734,354,501,753,597,983
734,354,500,754,597,982
734,353,500,754,597,982
733,353,500,754,598,984
734,353,499,753,596,982
734,353,499,754,596,983
734,352,500,754,598,983
734,353,500,754,597,983
733,353,500,755,597,983
734,353,501,754,597,983
735,352,501,754,596,982
734,353,501,754,598,982
734,352,500,755,597,982
734,354,501,755,597,982
734,353,501,755,597,983
735,353,500,760,597,982
734,352,500,754,596,982
733,354,501,754,598,982
734,354,501,754,596,982
734,355,502,755,597,982
734,354,502,754,597,981
734,354,501,754,596,983
733,355,501,754,597,982
734,354,502,754,597,983
734,354,501,754,597,983
734,352,502,754,597,982
734,354,502,754,597,982
734,354,501,754,597,982
734,351,502,754,598,981
735,354,501,754,598,982
735,354,501,754,598,983
734,354,501,754,598,982
734,354,501,755,596,982
734,353,503,755,597,984
734,354,501,754,597,982
734,353,501,754,597,983
734,355,502,753,597,983
734,354,501,755,596,983
734,354,501,755,597,983
734,354,500,754,597,982
734,353,502,755,596,983
733,353,502,754,598,982
735,354,501,754,597,983
735,354,502,753,597,983
735,354,502,755,597,983
734,352,501,755,597,982
734,353,502,755,596,982
734,354,500,755,597,982
734,353,502,755,597,982
734,353,501,755,597,982
734,353,501,754,597,983
734,354,501,754,596,982
734,354,500,755,597,982
734,353,500,755,598,982
734,354,500,755,596,982
734,354,500,755,596,983
734,355,500,756,596,983
733,354,500,754,601,983
734,352,501,754,595,982
734,353,500,755,598,982
733,352,501,755,596,983
734,354,500,755,597,983
734,353,500,755,596,983
734,353,500,754,596,982
735,354,501,754,597,983
735,354,500,754,596,982
734,354,501,754,597,982
735,355,500,754,596,983
734,354,497,755,596,983
734,355,501,754,597,983
734,355,501,754,596,983
735,356,501,754,596,982
734,355,501,755,596,983
733,355,501,753,595,983
734,354,500,754,596,983
734,354,501,754,595,983
735,354,501,754,596,982
734,355,501,753,596,982
733,355,501,753,596,982
735,355,501,754,595,982
734,355,501,754,595,983
735,355,501,753,595,981
734,354,501,753,595,981
734,355,501,754,595,983
733,355,501,754,595,982
734,356,501,754,596,982
735,356,501,753,596,982
734,354,501,754,596,982
733,357,501,754,595,980
734,355,501,754,595,982
732,356,501,754,594,979
732,356,501,753,594,981
733,355,500,757,594,982
732,355,500,753,594,981
732,356,500,752,593,981
732,355,500,752,593,980
730,355,500,753,593,981
732,355,500,753,593,979
732,354,500,753,593,981
732,354,501,751,591,981
732,354,501,752,593,981
731,354,500,752,592,982
732,354,501,751,593,980
731,354,500,751,592,982
732,354,497,752,594,981
732,353,500,753,593,980
733,355,501,753,593,980
731,354,501,752,593,981
732,354,500,752,592,980
732,355,500,754,593,981
732,355,500,753,593,982
732,355,501,752,593,981
732,354,499,753,594,982
732,354,500,752,592,981
732,353,501,753,593,981
732,354,500,752,594,980
732,354,500,752,593,981
732,354,500,752,593,982
732,353,500,753,593,981
732,353,501,752,592,982
732,353,501,752,592,981
732,353,501,753,593,980
732,354,501,752,593,981
732,353,501,752,592,981
732,353,500,753,592,982
732,355,501,752,592,981
731,353,501,750,591,980
732,354,500,752,591,981
732,354,500,752,591,980
733,354,500,752,592,981
731,353,499,752,591,981
732,352,501,752,591,980
732,354,500,752,591,981
732,354,501,753,592,981
731,354,501,752,591,981
731,353,500,753,591,980
732,353,501,752,591,980
731,353,500,751,591,980
731,355,501,752,592,980
730,354,500,752,591,980
731,352,501,752,592,981
732,353,500,752,591,980
731,353,500,752,591,980
731,353,501,751,590,984
732,352,499,751,590,980
732,354,500,752,591,981
731,353,501,752,591,980
731,354,501,752,591,981
731,354,500,752,591,980
729,354,501,751,590,980
730,353,501,751,590,981
731,353,501,753,590,980
731,353,501,751,589,980
732,354,499,750,592,979
731,353,501,752,591,980
731,353,501,752,590,981
731,354,500,751,591,980
731,354,500,751,591,980
731,354,500,751,590,980
732,353,500,752,589,980
731,352,501,751,589,981
730,353,500,751,589,980
731,353,500,752,589,979
730,354,500,752,589,978
730,352,500,752,588,979
731,353,500,752,589,980
730,352,501,752,588,981
731,353,500,752,589,979
732,353,500,750,588,980
731,353,500,752,589,978
730,353,500,752,589,979
730,353,500,753,588,980
730,352,499,751,587,980
730,353,499,751,587,978
731,352,498,753,587,979
731,353,498,751,587,979
731,353,500,752,586,978
730,352,500,751,587,979
730,353,499,749,587,978
730,352,499,750,586,978
730,353,499,751,587,978
730,352,499,751,586,979
730,353,500,750,586,979
730,353,500,752,587,979
731,352,499,751,587,979
729,353,498,752,587,978
729,352,498,751,587,978
729,353,499,751,587,979
729,352,499,751,588,979
730,352,500,751,587,979
729,352,499,750,587,978
729,353,499,751,587,979
730,353,498,752,586,979
730,353,499,751,586,978
730,354,499,751,587,981
730,353,498,752,587,979
730,353,497,752,587,980
731,353,499,751,587,980
730,352,499,752,589,979
730,348,498,751,587,979
730,353,499,751,588,979
730,352,499,751,588,978
730,352,498,752,588,979
730,352,498,751,587,980
730,353,499,752,587,979
731,352,500,752,589,978
729,353,499,752,588,981
730,353,498,752,588,980
730,352,499,752,588,981
729,352,498,751,587,976
730,352,498,751,587,981
731,352,497,751,587,980
731,352,498,752,587,979
730,352,498,751,588,979
729,352,498,751,588,978
730,353,498,751,587,979
731,354,497,751,587,979
731,352,498,752,587,979
730,352,498,752,586,979
728,353,497,750,586,980
730,352,497,751,586,978
729,351,498,751,586,978
730,352,498,751,586,979
729,352,498,750,586,978
730,352,497,751,585,979
730,352,499,750,585,979
730,353,498,751,584,978
729,351,497,750,584,978
730,353,497,750,583,979
729,353,496,750,583,978
729,353,497,751,582,977
729,353,495,749,583,976
728,352,497,750,584,977
730,353,496,749,582,977
728,353,496,749,582,977
728,352,497,750,582,977
728,351,495,749,582,978
728,351,496,748,583,977
729,351,495,748,582,977
728,350,495,748,584,977
729,351,495,749,583,977
728,351,495,749,582,975
729,350,495,747,582,978
728,349,494,748,583,976
728,346,495,749,582,978
729,350,495,749,582,977
728,350,495,749,583,978
729,351,495,749,582,978
729,350,494,749,582,978
729,350,495,749,582,978
728,350,495,748,582,978
729,350,495,748,583,978
729,348,495,749,583,977
728,346,495,748,582,978
729,349,496,748,582,978
728,349,495,749,583,977
728,349,496,748,582,979
728,349,495,748,583,978
728,349,495,748,583,978
728,349,494,749,582,977
728,349,494,749,582,978
728,348,494,747,583,979
727,349,495,748,583,978
729,349,494,747,581,978
728,349,494,747,581,978
728,349,494,747,581,978
728,349,493,747,581,978
729,348,492,746,581,978
728,349,494,746,581,977
728,348,493,746,582,978
727,348,492,746,580,977
727,349,492,746,580,977
728,349,492,746,580,979
729,349,493,745,581,978
728,349,493,747,581,977
728,348,492,747,581,978
728,349,492,746,581,977
728,348,492,746,580,977
727,348,492,746,581,977
729,348,492,746,580,978
728,349,492,747,581,977
728,349,491,747,580,978
727,350,492,746,580,978
728,349,492,747,580,978
728,349,492,746,580,978
729,349,493,746,581,977
728,349,491,746,580,978
728,348,491,747,581,978
727,349,492,746,581,978
728,350,492,746,581,978
729,350,493,747,582,978
727,349,492,746,582,979
729,350,492,747,582,980
729,350,492,747,582,979
728,349,492,747,581,978
728,349,492,746,581,977
728,350,493,747,581,980
728,350,494,746,582,978
728,350,492,747,582,977
729,351,492,747,581,978
728,351,493,746,581,979
728,350,494,746,581,978
728,351,493,746,580,978
729,350,492,747,582,977
728,350,492,746,581,978
728,350,491,747,582,978
728,351,491,746,581,977
729,351,491,746,581,977
729,349,491,746,581,978
729,351,491,746,582,978
728,350,491,746,582,977
729,350,491,746,581,977
728,350,490,746,581,977
728,351,490,746,580,977
728,350,491,746,584,976
728,350,491,747,581,977
728,350,491,747,581,976
728,350,491,744,581,976
728,350,490,746,580,977
728,350,491,747,582,977
728,350,490,747,581,977
729,350,491,747,581,978
726,350,492,747,581,978
728,351,490,747,581,977
729,350,491,745,581,977
729,350,490,747,581,978
729,350,491,747,582,977
728,351,491,747,577,977
728,350,491,748,581,978
728,350,491,747,582,977
728,351,491,748,581,978
728,351,491,748,581,977
729,350,491,748,581,977
729,350,491,748,582,978
728,350,491,747,581,977
729,350,491,748,582,977
728,351,491,747,582,978
727,351,491,748,584,979
728,349,491,748,583,977
728,350,491,747,581,977
728,350,490,747,582,978
728,351,490,747,582,978
728,350,490,746,581,978
728,350,490,747,582,977
738,350,490,747,582,976
738,350,490,747,581,978
740,350,490,746,581,977
740,350,489,747,582,979
742,350,491,745,581,978
741,351,490,747,582,977
742,351,490,747,582,977
743,352,490,747,581,978
743,352,491,746,581,978
743,352,489,747,582,978
744,352,491,747,581,978
745,351,491,747,582,978
744,352,491,747,582,978
744,351,490,748,581,978
745,352,490,747,581,978
745,352,490,747,582,979
745,351,490,747,582,978
745,351,491,747,582,979
744,352,489,747,582,979
745,351,489,747,582,978
744,351,490,747,581,977
744,350,490,747,581,977
745,350,490,747,582,978
743,351,490,747,582,979
745,351,490,747,581,978
744,350,490,747,581,979
744,350,491,748,582,978
745,351,491,747,582,977
744,352,491,748,581,978
744,351,490,747,582,978
745,351,490,748,582,979
745,351,491,748,582,978
744,351,493,747,581,979
745,354,490,746,581,978
745,352,491,747,581,978
745,349,491,748,581,979
744,351,491,748,581,979
745,351,491,748,581,978
744,351,490,748,580,977
743,352,490,748,582,978
743,351,491,747,581,979
742,352,491,749,581,979
739,352,492,748,582,979
742,351,492,747,581,979
742,350,492,747,581,978
743,351,492,747,581,980
743,351,491,748,581,981
744,351,492,748,582,978
744,351,491,747,582,978
743,351,491,748,582,980
743,351,491,748,582,978
745,352,491,747,582,978
744,351,492,749,582,978
743,352,491,748,582,979
744,351,492,747,581,980
743,351,492,749,583,978
744,351,492,749,582,978
745,351,491,748,582,979
744,351,492,748,584,980
744,352,491,748,583,978
744,350,492,748,581,978
744,350,492,748,583,979
745,352,492,748,583,978
745,351,491,748,583,978
745,352,491,747,580,978
746,351,491,747,582,978
745,350,491,747,583,979
746,350,491,747,583,979
745,349,491,748,583,978
745,350,492,748,582,978
745,348,491,747,582,979
745,348,491,747,583,978
746,347,490,747,582,978
746,347,490,747,583,978
746,346,490,748,582,978
746,346,489,748,582,980
746,345,490,746,583,979
746,346,489,748,584,980
746,345,488,747,584,978
746,345,490,748,583,979
746,345,489,749,581,979
746,346,489,748,583,980
746,347,489,749,582,980
746,347,489,749,584,979
746,347,489,748,583,979
746,347,489,748,584,979
746,347,489,749,584,980
746,347,489,748,583,979
746,348,490,748,584,979
747,348,489,748,584,979
747,348,490,749,584,980
747,348,491,749,584,979
746,348,490,749,584,979
747,348,490,749,584,979
747,348,490,749,583,979
746,349,491,749,584,980
747,349,490,748,585,980
747,349,491,749,584,979
747,350,490,749,584,980
747,348,491,749,584,979
747,349,490,749,584,979
748,350,490,748,585,978
747,349,492,750,585,980
747,350,491,750,586,981
746,349,491,749,585,980
747,349,491,749,584,980
748,349,490,749,585,980
747,349,490,750,585,980
747,349,490,750,584,979
745,350,491,750,585,980
747,349,491,749,584,980
747,349,491,748,585,979
748,348,491,750,585,980
748,348,491,749,585,979
747,349,492,747,585,979
747,349,491,750,584,978
747,348,492,751,585,980
747,349,491,749,584,980
747,350,491,749,584,978
747,348,489,750,585,979
747,349,490,749,584,980
746,348,490,749,584,980
746,348,491,749,584,979
747,348,491,750,585,979
746,349,491,749,585,980
746,349,491,749,584,980
747,348,491,749,585,980
747,348,490,749,585,980
747,348,491,749,584,979
746,348,491,750,585,979
746,348,490,749,585,980
747,349,491,749,584,980
746,349,491,749,585,978
746,348,491,749,584,979
747,348,491,749,584,979
746,347,490,750,585,979
747,349,491,749,584,977
746,348,492,748,585,980
747,348,492,749,584,980
747,348,491,749,584,980
748,348,491,749,585,979
747,348,491,749,584,979
747,348,492,749,585,979
747,347,492,749,584,980
747,348,492,749,585,978
747,348,491,750,584,980
747,348,492,750,584,980
747,348,492,750,583,979
748,348,492,751,583,979
748,348,492,749,583,980
748,348,490,750,583,980
748,348,491,748,582,980
748,348,491,749,583,978
748,348,492,748,581,980
748,348,491,749,582,980
747,349,492,749,582,979
747,349,493,749,581,981
745,349,493,748,582,980
747,350,492,748,581,979
746,350,492,748,581,980
747,350,488,749,580,980
748,349,493,749,581,980
747,350,493,748,581,979
745,349,492,747,580,980
747,349,492,748,581,980
746,349,492,747,581,980
747,349,493,747,582,979
745,349,492,748,581,981
743,349,492,748,581,979
727,349,492,747,581,979
726,349,492,748,581,979
726,348,492,748,581,979
745,349,491,747,580,978
746,349,491,747,580,979
745,349,491,747,580,978
745,349,490,746,578,979
744,348,491,746,579,978
743,349,492,746,579,979
744,349,491,746,579,979
744,350,491,747,579,978
744,348,492,746,579,976
744,348,491,748,578,978
743,349,491,747,578,979
743,349,491,747,578,977
743,349,491,747,577,978
743,349,492,747,578,978
743,350,492,747,578,978
743,349,492,748,577,979
743,349,492,747,577,979
744,351,492,748,578,978
744,350,492,748,578,979
744,350,492,748,578,979
744,349,491,748,578,978
744,349,491,749,578,977
744,349,491,747,579,978
744,347,491,748,578,978
743,350,492,748,578,978
744,349,492,748,579,979
745,349,491,747,578,979
744,349,492,748,578,978
744,348,491,748,578,978
745,350,492,748,578,979
745,349,492,748,579,980
744,349,492,749,578,980
743,348,493,749,578,979
744,349,492,748,578,979
745,349,492,748,578,979
745,348,492,748,578,979
744,349,493,749,579,978
745,349,493,748,578,979
745,349,489,749,578,979
744,350,492,748,579,978
744,349,493,748,578,979
745,348,492,747,579,978
744,350,493,749,579,978
745,349,492,749,579,979
744,350,492,749,578,980
745,349,491,749,578,978
744,349,492,748,578,978
744,350,493,748,580,979
745,349,492,748,578,979
745,349,492,750,577,979
745,348,492,749,578,980
745,348,492,749,578,978
745,350,492,748,577,978
746,348,492,749,578,979
744,348,493,749,578,979
745,350,493,748,578,979
745,348,492,749,577,978
745,349,493,749,578,979
745,349,493,748,577,978
745,349,493,749,578,979
744,349,493,749,578,979
744,349,493,749,578,978
744,348,492,749,578,978
745,350,492,749,577,979
745,348,492,749,577,979
745,349,493,749,576,978
744,350,493,750,578,978
744,349,493,749,578,978
745,350,493,750,578,978
745,349,494,749,577,978
744,349,492,749,577,979
745,349,494,750,577,980
745,349,494,749,576,979
745,350,493,749,577,978
744,349,494,750,577,979
745,349,493,749,577,978
745,349,494,750,577,978
745,349,493,750,576,978
745,349,493,749,578,979
745,348,494,750,578,978
745,348,494,749,578,978
744,349,495,750,577,978
744,349,493,750,577,979
745,349,493,750,577,979
744,348,494,750,576,978
745,349,493,749,577,979
744,349,493,750,578,978
743,350,493,750,576,979
744,350,493,751,577,978
743,349,492,749,577,978
743,350,494,749,576,978
744,350,493,750,576,979
744,349,493,749,577,978
743,350,493,750,576,979
744,350,494,749,577,983
744,349,493,750,576,978
744,350,493,750,575,977
744,349,493,751,576,977
744,348,493,750,577,979
744,348,492,750,576,977
744,348,493,751,576,978
745,349,493,751,576,978
745,348,491,750,576,979
743,347,492,750,576,979
744,348,493,750,575,978
744,348,492,749,575,978
744,348,493,749,575,979
744,348,493,750,575,979
744,348,493,750,575,979
744,348,492,749,575,978
744,348,492,750,575,978
744,347,492,751,575,979
743,347,492,749,575,978
742,347,491,751,575,978
741,346,493,751,575,978
739,347,492,750,574,977
738,348,493,750,575,979
741,347,492,751,576,979
742,346,493,750,575,979
744,346,492,750,576,979
744,346,493,751,575,981
744,346,492,751,575,978
744,345,493,750,575,979
745,347,493,751,575,980
745,347,493,751,576,979
744,347,494,750,574,980
744,348,493,750,574,978
745,347,493,751,574,979
745,347,493,751,574,979
744,347,493,751,575,979
745,347,493,751,576,979
744,347,493,751,575,978
745,346,493,749,574,979
744,347,493,750,575,978
744,350,493,751,575,980
744,346,493,750,575,978
743,346,493,751,574,979
744,347,493,750,575,979
744,347,494,751,573,979
743,347,492,750,574,979
744,347,493,751,574,980
745,346,493,751,574,979
744,347,492,750,573,979
743,347,493,750,572,980
744,347,492,750,573,979
744,347,492,751,573,979
745,347,493,750,573,979
744,347,494,750,571,979
744,347,492,750,571,979
744,347,492,751,572,978
744,346,492,750,571,978
743,348,493,750,571,978
743,348,492,750,570,978
743,348,492,750,572,978
742,348,493,750,571,978
740,347,493,750,570,978
739,348,492,750,570,979
732,347,493,750,570,979
723,346,493,749,570,978
723,348,492,751,570,979
723,347,492,751,570,979
723,347,494,751,570,979
723,348,493,750,569,979
722,348,493,750,570,979
723,347,493,750,569,978
722,348,493,750,569,979
722,349,493,751,569,979
722,347,493,750,571,979
723,347,493,752,569,978
723,347,492,751,568,978
723,347,493,751,568,978
723,351,493,752,569,979
722,348,493,751,569,979
723,348,493,751,569,978
723,348,493,751,569,980
722,347,493,751,569,979
723,347,494,751,569,979
741,347,492,751,569,978
741,348,492,751,569,980
741,348,493,750,568,979
742,348,493,752,569,978
740,347,493,751,569,978
740,347,494,751,569,979
740,348,493,750,568,978
739,349,494,751,568,979
739,347,492,750,569,978
737,347,493,750,569,979
734,347,494,750,568,979
735,347,494,751,567,978
736,347,494,751,568,980
735,346,493,750,568,979
736,348,494,750,568,980
736,348,494,751,569,979
734,348,494,751,568,979
731,347,494,750,568,979
738,348,494,750,568,979
740,347,494,751,567,979
740,347,495,751,569,979
740,346,493,751,568,978
740,347,493,751,569,980
740,346,494,751,568,979
740,346,494,752,569,978
741,347,494,751,569,979
740,347,494,751,568,979
740,347,494,749,568,980
740,348,494,750,568,980
742,348,494,751,568,979
740,346,494,751,568,980
741,346,493,751,568,979
741,346,494,752,568,980
741,346,494,751,566,978
740,347,494,751,568,980
741,346,494,751,569,979
742,347,494,751,568,979
741,346,494,750,567,978
742,347,494,751,569,979
741,347,494,751,567,978
742,350,494,751,568,979
742,346,495,750,567,979
742,346,495,751,568,979
741,346,494,752,568,980
742,347,494,751,568,979
741,346,494,751,568,979
741,346,494,752,568,978
741,346,494,750,567,983
741,345,494,751,568,979
742,346,494,752,568,980
741,346,493,751,567,980
741,346,494,751,567,979
742,346,493,752,568,979
741,346,494,750,568,979
741,347,494,751,568,978
741,346,494,750,569,979
742,346,494,751,568,980
741,346,493,751,568,979
741,347,493,751,568,979
742,348,494,751,567,978
741,347,494,751,568,979
740,348,495,751,567,979
740,347,493,751,569,979
741,348,494,751,568,978
741,347,494,750,567,979
740,347,494,751,568,980
741,347,494,751,568,979
741,347,494,751,568,979
740,348,495,749,568,979
741,348,494,749,567,979
741,347,494,750,568,978
741,348,494,750,566,979
741,348,494,751,567,978
740,348,494,750,567,979
740,348,494,749,567,978
740,347,495,749,567,978
736,348,502,750,567,978
723,347,506,750,567,978
722,347,506,750,566,979
723,348,506,750,567,978
723,347,507,750,567,978
723,348,507,749,566,980
724,347,508,749,566,979
723,347,507,750,566,979
723,347,505,750,567,978
723,347,503,750,567,979
723,348,502,750,566,978
723,347,502,750,566,979
723,348,503,750,566,979
723,348,501,750,567,978
724,349,494,750,567,978
723,348,494,753,567,978
723,348,499,750,566,978
722,348,495,750,565,979
723,348,494,750,565,978
722,348,494,750,565,977
723,348,494,749,564,978
722,347,494,750,565,979
723,348,500,750,565,978
723,348,502,750,565,978
722,347,502,749,566,978
723,347,501,750,565,979
722,349,502,749,566,978
722,349,502,749,566,978
722,349,502,750,566,979
722,348,503,749,566,979
723,349,503,749,566,980
723,349,503,750,565,978
723,349,504,750,566,978
722,347,505,750,566,979
723,349,503,751,566,978
722,348,503,750,566,978
722,349,503,750,567,979
723,348,499,750,566,978
723,349,492,749,567,978
724,349,500,750,566,978
723,350,496,751,566,979
723,349,493,749,566,978
723,349,492,751,566,979
722,349,492,750,567,978
722,348,493,750,566,979
723,348,492,751,567,978
722,348,492,751,566,977
733,348,493,750,566,975
738,349,493,750,566,979
739,348,492,750,566,978
740,348,492,750,567,978
739,348,493,751,566,979
739,348,492,749,566,978
740,348,492,750,566,978
739,348,493,750,567,979
740,349,493,751,567,976
738,348,493,750,566,978
736,348,492,751,566,979
738,348,492,752,567,978
737,347,492,747,567,978
738,348,494,750,566,978
738,348,492,750,567,979
739,348,492,750,566,979
738,349,492,750,567,979
738,349,491,750,566,979
738,349,492,750,567,978
738,349,492,750,567,979
738,349,492,750,567,978
740,349,493,750,567,978
738,349,492,749,567,976
738,350,491,750,567,979
738,350,490,749,566,978
737,349,492,750,566,978
736,349,492,750,566,978
735,349,492,749,566,979
736,348,491,749,567,978
736,349,491,749,566,979
738,350,491,749,567,978
737,349,491,749,565,979
737,349,490,749,565,979
738,349,491,749,565,978
737,350,491,749,566,978
738,350,491,748,565,977
738,351,491,749,566,978
739,350,491,748,565,978
739,350,490,748,565,978
739,351,491,748,565,976
739,350,490,747,565,977
738,350,491,748,565,978
738,350,490,747,565,978
738,350,491,748,564,978
738,350,491,748,565,977
737,350,490,748,565,978
738,351,491,748,564,976
738,351,491,749,565,979
737,350,491,749,564,977
738,351,491,749,564,977
739,350,491,748,562,977
738,350,491,748,564,976
738,349,491,749,564,978
737,350,490,749,563,974
736,350,490,748,564,978
738,349,490,748,563,978
738,350,490,749,563,977
737,350,491,749,562,977
737,350,490,749,564,977
738,351,490,749,563,977
738,350,490,753,564,978
739,350,491,749,563,978
739,351,490,749,564,978
739,350,490,749,564,977
739,351,491,749,564,977
739,350,490,749,563,977
739,351,490,749,563,978
740,351,491,749,563,977
739,350,490,749,563,978
739,350,490,749,562,977
740,349,490,748,564,976
740,349,490,749,564,977
739,349,490,749,563,976
739,349,489,749,563,978
741,350,491,749,563,975
740,349,489,749,564,977
740,349,491,750,563,977
739,350,489,748,563,977
740,350,490,749,563,977
741,349,489,749,564,977
740,350,489,749,563,976
741,349,490,749,563,977
740,349,489,749,564,977
741,349,490,749,564,977
740,350,489,749,564,977
741,349,488,749,565,978
740,350,489,749,565,976
741,350,490,749,566,978
741,350,490,749,566,978
741,349,490,749,566,977
741,350,490,749,565,977
740,349,490,750,566,978
741,349,490,749,566,978
741,350,490,750,566,978
740,350,490,748,566,977
740,351,489,750,566,978
740,350,489,750,567,978
741,350,490,749,564,976
740,350,489,750,566,979
741,350,491,749,567,977
742,351,490,749,566,978
741,351,490,750,566,978
741,352,490,750,567,977
741,352,491,750,566,977
741,353,490,750,567,978
741,350,491,750,566,978
741,352,490,751,566,977
742,352,491,750,567,978
742,352,490,750,567,977
741,351,491,750,567,978
742,352,491,750,568,979
741,351,489,750,566,978
741,352,491,750,568,978
741,351,491,751,567,979
741,352,491,750,569,978
742,351,491,751,567,978
742,352,491,750,565,978
740,352,491,750,566,978
740,352,491,750,568,978
742,352,491,750,569,979
741,352,492,751,567,978
741,352,491,751,568,978
741,352,491,750,567,979
742,352,491,751,567,978
742,352,491,750,567,978
740,351,492,750,567,978
742,353,491,750,567,979
741,353,491,750,567,978
741,353,492,750,568,978
741,353,491,750,567,979
742,353,491,750,568,978
742,352,492,750,568,978
742,353,492,750,568,978
742,352,491,750,568,978
742,352,493,750,567,978
742,353,492,748,568,979
741,353,492,749,568,978
742,352,492,750,568,978
742,353,492,750,568,978
742,351,492,749,569,979
742,353,492,749,567,978
742,353,493,750,568,978
742,353,492,749,568,978
742,352,493,749,569,977
742,354,493,749,569,978
742,354,493,750,569,978
742,353,493,750,569,978
742,354,492,749,568,979
742,353,493,749,569,979
741,353,493,750,568,979
744,354,493,750,568,979
742,354,493,750,569,979
744,354,493,750,568,978
742,353,493,750,569,980
742,354,493,750,568,981
742,354,493,750,568,979
743,353,494,750,568,978
743,355,494,753,568,977
743,354,492,750,569,978
742,354,494,750,569,977
742,354,494,750,568,978
742,354,492,750,569,979
742,355,494,751,569,978
742,356,494,751,569,979
742,354,494,750,568,979
742,355,494,751,570,979
743,354,494,751,568,978
743,354,494,749,569,980
742,355,494,754,568,979
742,355,494,751,569,978
742,353,494,751,569,978
742,354,494,752,568,979
741,354,493,749,568,977
742,353,494,751,568,978
742,354,494,751,567,978
740,355,494,750,568,978
742,355,494,751,567,978
743,355,494,751,568,979
741,354,495,751,568,977
741,355,494,750,567,979
742,355,494,750,568,982
742,355,494,750,568,978
743,355,494,749,567,978
742,355,494,751,568,979
742,354,494,750,567,978
742,354,495,752,567,979
743,356,494,751,568,977
741,355,495,751,568,978
743,356,494,751,568,978
742,355,494,751,568,978
743,356,494,751,567,978
742,355,495,752,569,977
743,356,494,751,568,978
743,355,494,751,567,979
742,356,494,752,567,977
742,356,495,750,569,978
742,356,494,751,568,977
742,355,494,752,568,978
742,356,495,751,571,979
743,356,495,751,569,977
743,355,495,751,569,978
742,356,495,751,569,978
742,355,495,751,569,978
743,356,495,751,569,978
743,356,495,751,568,978
743,356,495,752,568,979
742,356,496,751,568,978
742,356,494,751,569,979
742,357,494,751,568,978
742,356,495,751,568,979
741,357,495,752,569,980
742,356,495,752,569,978
741,354,495,752,568,978
741,356,494,751,569,979
742,356,494,752,568,978
742,355,495,752,568,977
742,356,495,752,568,979
741,356,495,753,568,979
741,356,495,751,569,978
741,356,494,751,568,978
742,356,495,752,568,977
742,355,495,751,568,977
742,355,495,752,569,979
742,356,495,751,568,978
742,355,495,752,568,978
741,356,495,752,568,977
742,356,495,751,568,978
742,356,494,751,567,977
742,356,493,752,568,977
742,356,494,750,568,978
743,356,495,751,568,978
742,355,494,751,568,976
743,356,494,751,568,977
743,356,495,752,568,977
741,355,496,751,568,978
742,356,494,751,569,977
742,356,494,751,567,977
742,355,494,750,567,977
741,355,495,750,567,977
741,356,494,751,567,977
742,356,494,750,567,974
742,356,493,749,566,976
742,356,493,750,567,976
742,356,493,748,566,976
742,356,494,750,566,976
742,355,492,750,566,975
742,356,494,749,564,975
741,356,493,753,565,975
742,356,494,750,564,975
741,355,492,749,564,976
741,355,493,749,565,974
738,356,493,749,564,975
738,355,493,749,564,975
737,355,492,749,564,975
735,356,493,750,564,976
738,356,493,750,564,975
738,355,493,749,564,975
738,356,491,749,564,974
741,356,493,750,564,975
739,356,493,749,564,975
739,356,493,750,564,976
740,356,494,750,564,976
739,356,490,749,563,976
740,355,493,749,564,976
740,356,493,749,562,973
740,356,493,749,563,975
740,356,493,749,563,975
740,357,494,750,563,976
740,355,492,750,563,974
740,355,493,749,563,975
740,356,493,749,565,975
740,356,492,750,562,976
741,356,493,750,563,975
740,356,492,749,562,975
740,356,492,749,562,976
740,356,492,750,562,974
740,357,493,748,562,974
739,357,492,749,562,976
740,356,492,750,562,976
739,357,493,749,562,976
740,356,493,749,563,975
739,356,492,749,562,975
740,356,492,749,561,974
740,356,492,749,562,975
740,356,490,749,563,975
740,356,492,749,563,976
741,356,492,750,563,975
740,356,493,748,563,976
739,357,491,749,561,975
739,357,492,749,561,974
739,357,491,750,562,974
738,357,493,749,562,974
734,357,493,749,562,975
736,357,493,749,562,976
736,357,491,750,562,975
737,356,493,750,563,976
738,357,492,750,562,975
739,356,490,750,562,975
740,356,492,750,563,976
738,356,492,749,563,976
739,358,492,749,562,974
738,358,493,749,563,975
739,357,492,749,563,975
739,357,492,749,563,976
738,357,492,749,562,976
738,356,492,749,563,976
739,357,492,747,563,975
739,357,492,749,562,975
738,357,492,749,562,975
739,356,492,749,562,975
739,357,493,748,563,975
739,357,493,748,562,975
739,356,492,749,563,975
739,357,493,749,563,975
739,357,493,749,562,975
738,356,492,748,563,975
739,357,493,748,563,976
739,356,492,748,562,975
739,356,493,748,562,974
739,357,493,749,563,975
738,357,493,749,563,975
740,357,493,748,564,975
740,357,494,749,563,976
739,358,492,749,562,976
740,358,494,748,562,975
740,357,493,749,563,976
740,355,492,749,563,976
740,357,494,749,563,974
740,359,493,749,563,976
740,358,493,748,563,975
740,358,492,749,563,975
741,358,493,749,562,976
740,358,493,749,564,975
741,357,493,749,562,976
740,358,493,749,563,975
740,357,492,748,563,975
740,358,492,749,563,977
740,358,493,749,563,976
741,357,493,750,564,976
741,359,492,748,563,976
741,358,492,750,563,976
741,358,493,750,563,976
741,358,492,750,564,975
740,359,493,750,563,976
741,358,493,750,563,975
741,360,493,750,563,976
741,357,492,750,563,975
740,358,493,751,564,976
741,359,492,750,563,977
741,359,493,749,562,977
741,358,493,750,562,976
741,358,492,750,563,976
742,359,494,750,563,976
742,359,494,749,563,976
741,359,493,750,563,975
741,359,493,750,565,975
741,360,492,750,564,975
742,358,493,750,562,977
741,360,493,750,563,977
742,360,493,749,564,977
740,359,493,749,563,976
741,360,493,749,562,977
741,360,493,749,563,975
741,359,493,749,564,976
741,359,492,750,563,976
741,359,492,749,563,975
741,360,493,747,563,975
740,359,493,748,563,975
741,359,493,747,563,977
741,360,493,747,563,976
742,359,493,746,563,976
741,358,493,746,564,975
741,359,493,746,563,975
741,359,493,746,563,975
741,359,492,746,563,976
741,360,492,747,564,976
741,359,492,747,563,976
742,358,493,747,563,976
740,359,493,747,563,979
742,360,493,747,564,976
741,360,493,747,563,975
741,360,493,746,563,976
742,359,492,747,564,975
741,359,492,746,564,976
740,360,493,746,564,976
741,359,492,747,563,976
741,359,493,747,563,976
741,359,493,747,563,976
741,359,492,747,564,976
742,359,492,747,564,976
741,360,492,746,564,976
742,359,492,749,564,975
742,359,493,746,563,976
741,358,492,747,563,976
741,358,493,747,564,976
742,358,493,746,564,976
743,359,492,746,564,975
742,359,493,746,564,976
742,359,493,747,564,976
742,359,492,747,564,976
742,359,493,747,563,976
741,359,493,746,563,976
742,359,493,747,564,975
742,359,492,747,563,976
740,360,493,747,563,977
742,360,493,747,563,977
741,360,492,747,563,977
741,360,493,747,563,977
742,360,492,747,563,976
741,359,492,747,564,977
743,360,492,748,563,976
743,360,493,747,563,976
742,359,492,747,563,976
742,360,493,747,563,975
741,361,493,747,564,976
741,359,493,747,563,976
742,360,493,747,564,980
742,361,492,748,564,976
743,359,491,748,563,976
742,360,491,747,563,976
742,360,492,748,564,975
742,360,492,747,563,977
742,361,492,748,564,977
742,360,492,747,563,975
742,361,492,748,563,975
742,360,492,748,564,976
742,360,493,748,564,976
741,360,492,747,563,976
742,360,492,748,564,976
742,360,491,748,563,977
742,360,492,748,563,975
741,360,492,747,563,976
741,361,492,748,563,976
742,360,492,748,563,976
742,360,492,748,563,974
741,360,493,747,563,977
742,360,491,748,563,976
742,361,491,748,562,975
741,361,492,748,563,976
742,360,491,748,563,976
741,359,490,748,563,976
741,360,491,747,563,976
741,360,492,748,563,976
742,359,492,748,563,975
742,358,491,748,563,976
742,360,492,747,563,976
742,358,491,748,563,975
741,360,491,747,562,976
743,360,492,748,563,976
742,360,492,748,562,975
742,359,492,748,563,975
741,359,492,747,562,975
742,359,491,747,562,975
741,360,492,748,563,977
741,358,492,747,563,977
742,360,491,748,562,975
741,359,491,747,562,977
741,358,491,747,563,975
741,359,491,747,562,976
741,358,491,746,562,975
742,359,491,748,562,975
741,359,490,748,562,975
741,360,490,746,563,975
741,358,491,747,562,976
741,359,492,748,563,974
740,359,491,747,563,975
739,358,491,747,562,976
740,358,490,747,562,974
741,358,491,747,563,975
740,359,490,747,562,975
740,358,490,747,562,974
740,357,491,747,561,976
741,358,489,747,562,975
741,358,490,746,561,975
740,359,491,747,562,975
741,358,490,746,562,974
741,359,490,748,562,975
738,358,491,747,563,975
741,359,491,746,563,975
741,363,491,747,562,975
741,359,490,747,563,975
741,359,490,746,562,974
741,360,491,746,561,974
740,359,492,746,562,976
740,359,490,747,561,976
739,359,490,746,562,975
740,359,490,746,562,975
740,358,491,747,562,975
740,359,491,747,562,976
740,360,491,746,562,976
740,359,491,748,562,975
740,360,491,746,562,976
740,360,491,748,562,976
740,360,491,747,562,975
741,359,491,748,562,975
741,359,491,748,563,976
740,359,490,748,564,976
741,360,491,747,563,976
740,359,491,747,562,977
740,360,491,748,563,977
741,359,491,747,563,975
741,360,492,746,563,976
740,359,491,747,563,976
740,360,491,747,563,976
741,360,490,747,562,976
740,356,491,748,563,977
741,360,490,747,563,976
741,359,491,748,563,977
740,360,490,748,564,976
740,359,491,748,564,977
741,360,491,748,565,976
741,359,491,748,564,976
740,360,491,749,563,976
740,360,492,748,564,977
740,359,491,748,564,974
740,360,492,748,564,977
740,359,492,748,563,976
740,359,492,747,564,977
740,359,492,748,564,976
740,359,491,748,564,977
740,359,491,748,564,975
740,360,492,748,564,976
740,360,491,748,564,976
740,361,490,749,564,976
739,360,492,748,564,975
739,360,491,749,564,976
739,360,491,749,563,976
739,360,492,746,564,976
739,361,491,748,563,977
738,359,491,748,563,977
738,359,491,748,563,976
738,360,492,748,563,977
738,355,492,748,564,976
738,359,491,748,563,977
738,360,491,748,563,976
738,360,492,749,563,977
738,360,492,749,563,976
738,359,491,748,564,976
738,360,492,749,563,977
738,360,491,749,564,976
737,359,492,748,563,976
737,360,492,749,564,975
737,360,492,748,564,974
737,360,491,748,563,977
738,360,491,749,564,976
738,361,492,748,563,975
738,359,492,749,563,977
738,361,491,748,564,978
737,361,491,748,564,976
739,361,490,749,563,975
739,362,491,748,563,977
737,360,492,749,563,977
739,360,492,749,565,976
739,360,491,749,563,977
740,361,492,748,563,977
739,361,492,749,563,977
739,360,491,748,564,977
738,361,492,749,562,976
739,360,492,748,564,977
739,361,492,749,563,977
738,360,492,750,563,977
739,361,492,749,563,976
738,361,493,749,563,977
739,360,492,749,564,977
740,361,491,749,564,976
739,361,492,748,564,977
738,361,492,749,562,977
739,361,492,749,563,977
739,361,492,748,564,978
740,362,493,748,563,976
740,362,493,749,563,976
739,361,492,749,564,976
739,361,492,753,564,976
739,361,492,749,562,977
738,361,496,748,562,976
738,361,492,749,562,977
738,361,493,748,562,977
739,361,493,749,562,976
739,362,492,747,562,977
739,361,494,748,562,975
739,361,492,747,561,976
738,362,493,748,561,976
738,361,491,749,561,975
739,362,493,748,560,977
738,361,493,748,561,975
739,361,490,749,561,976
739,362,493,748,562,977
739,361,492,748,561,976
738,360,492,750,560,977
738,361,490,749,560,976
738,361,493,749,560,977
738,361,492,748,560,976
738,362,493,748,561,976
738,361,492,749,559,976
738,361,493,748,560,977
737,361,492,748,560,977
738,361,492,748,559,974
737,361,491,749,560,976
737,361,492,748,557,976
737,361,492,748,559,975
737,361,492,748,559,975
737,361,491,748,559,976
736,361,493,748,558,980
735,361,491,749,559,975
732,362,492,749,558,976
731,361,490,750,560,976
723,361,494,749,561,976
724,361,493,749,560,976
724,362,493,749,559,977
723,361,493,749,560,975
723,361,491,748,558,976
723,361,492,749,560,975
723,360,492,749,560,976
723,361,493,749,559,975
738,360,491,748,559,974
740,361,492,748,559,974
739,362,492,749,558,976
740,361,493,748,559,975
739,361,492,748,559,975
739,360,492,749,558,975
739,359,492,749,558,975
739,360,492,748,558,975
740,360,492,748,558,975
740,360,492,748,558,975
739,360,492,748,558,975
740,360,492,748,557,976
739,361,492,748,559,975
739,361,493,747,558,975
741,361,492,748,559,976
739,361,492,747,558,976
740,362,491,748,559,976
740,361,492,747,558,974
740,360,491,748,559,976
739,361,492,747,558,974
739,361,491,747,559,975
740,361,491,748,558,975
740,361,491,748,560,976
740,362,491,748,558,975
740,363,492,747,558,975
739,361,492,746,557,976
740,361,493,749,558,977
740,362,491,748,558,976
740,361,492,749,558,976
740,362,492,748,557,975
740,362,491,746,557,975
739,361,491,747,558,975
740,362,492,747,558,975
739,361,491,748,557,975
738,362,491,748,559,975
740,361,492,748,558,975
739,361,492,747,559,975
739,362,491,747,558,975
739,361,491,749,557,975
739,361,492,747,558,975
739,361,492,747,557,975
740,361,492,748,558,975
739,362,492,747,557,976
739,361,491,747,557,975
739,361,491,748,555,975
739,361,492,747,556,973
739,361,491,748,555,973
739,362,491,747,555,974
739,362,491,747,555,975
739,362,491,746,556,974
739,361,492,747,557,974
738,362,493,748,556,974
739,361,492,747,555,973
738,362,491,748,555,974
739,361,491,747,555,974
739,362,492,748,555,974
738,361,492,747,555,974
738,361,492,747,555,975
738,361,492,746,555,974
738,361,490,748,555,974
738,361,491,747,554,973
738,361,491,747,555,974
738,361,491,747,555,973
738,360,491,747,554,974
738,360,490,747,554,971
738,360,490,746,554,973
738,361,490,747,554,974
737,361,490,747,553,973
738,361,490,747,554,973
738,361,490,747,554,973
737,361,490,747,553,972
738,361,490,747,554,973
737,361,490,747,555,972
738,360,490,747,555,973
737,360,490,747,554,970
738,361,491,747,554,972
738,359,490,747,554,973
738,360,490,748,554,972
738,360,491,746,555,974
738,360,491,747,553,974
738,360,490,747,553,974
738,360,491,746,554,973
738,359,490,748,554,973
738,359,490,746,555,973
737,360,490,747,554,971
737,360,491,748,553,974
738,360,490,747,554,973
738,360,489,747,553,973
738,360,490,747,554,972
738,360,490,747,554,974
738,361,489,747,553,973
738,360,490,748,554,973
737,360,489,747,554,975
738,361,489,747,554,973
738,361,489,748,554,974
738,360,489,747,554,974
739,360,489,746,554,973
737,359,490,745,554,974
737,361,490,747,555,972
737,361,490,747,554,973
738,360,488,747,554,974
738,361,489,746,554,974
738,361,489,747,555,974
739,361,489,746,554,974
738,361,489,747,555,974
739,361,489,746,554,974
738,361,488,747,554,973
739,361,489,747,553,974
739,361,489,747,554,974
738,361,489,746,553,974
738,361,490,747,551,974
738,360,489,748,552,974
738,360,489,747,553,974
738,361,489,748,553,973
739,360,490,748,554,972
738,360,490,748,554,974
738,361,489,747,554,972
738,360,489,747,553,974
739,360,489,747,554,974
739,360,489,747,554,974
738,361,490,748,554,973
738,360,489,748,554,973
738,359,490,748,555,974
738,359,490,747,554,972
738,360,490,747,554,974
739,361,489,748,553,974
739,361,489,746,553,972
738,360,490,746,553,974
738,360,490,748,554,972
739,361,490,747,552,972
739,361,490,746,553,973
738,359,489,747,553,972
739,360,489,747,553,973
739,361,489,747,553,973
738,360,490,747,554,974
738,360,489,748,553,973
739,363,489,748,553,972
739,359,490,747,553,974
739,360,489,748,553,971
738,360,489,748,553,973
738,360,490,747,553,973
739,359,489,748,554,973
738,360,489,747,554,972
738,360,489,748,553,973
738,359,488,746,554,973
738,359,489,748,554,972
738,359,489,748,552,974
737,360,489,748,553,974
738,359,489,747,553,974
739,360,489,746,553,972
738,360,489,748,554,973
738,358,488,748,553,972
738,358,489,747,553,973
738,360,489,747,553,973
738,359,488,748,553,972
738,359,488,748,554,973
738,360,487,747,554,972
738,359,489,747,554,972
738,358,489,748,552,973
739,358,490,748,553,972
739,359,488,747,558,973
739,360,489,747,553,973
738,359,488,747,553,973
738,359,488,748,553,973
738,359,489,748,553,972
739,359,488,749,553,972
739,359,488,748,553,973
738,360,488,748,553,972
737,360,488,747,553,973
738,359,487,747,553,973
739,358,487,748,553,973
739,360,487,748,553,974
739,360,487,747,553,973
739,360,488,748,554,974
739,361,489,749,554,974
738,361,488,748,554,973
738,357,489,748,554,973
739,361,489,749,554,974
738,360,489,748,554,974
738,360,490,748,554,973
739,360,488,749,554,974
738,361,489,748,554,973
739,361,490,748,554,973
738,360,489,749,555,973
738,361,489,749,554,974
739,360,488,748,554,973
738,360,489,748,554,974
739,361,489,749,554,973
738,359,489,749,555,974
739,361,489,749,554,975
739,360,489,748,555,973
739,360,489,749,554,974
739,358,489,748,555,973
740,361,489,747,554,973
739,361,489,749,553,974
739,361,488,748,555,972
739,360,489,748,555,973
739,364,488,748,554,974
739,361,489,748,555,974
740,360,488,747,554,974
739,360,489,748,555,973
739,360,489,748,554,974
739,359,489,748,553,974
740,360,488,747,555,972
739,360,489,748,554,972
740,360,489,748,553,974
740,360,488,749,555,974
740,360,487,748,554,973
740,360,488,749,555,973
740,359,488,749,555,974
740,361,488,748,555,973
740,360,487,748,555,973
740,360,489,749,554,975
739,361,488,748,553,974
738,360,489,750,554,973
740,360,488,749,555,972
740,360,489,749,555,973
740,360,488,749,554,974
740,360,488,749,554,973
740,360,489,748,555,974
740,360,489,748,555,973
740,360,489,748,555,974
740,360,489,749,554,973
740,360,490,749,554,973
740,361,489,748,554,974
739,360,489,749,554,973
739,360,488,750,554,975
739,360,489,749,555,974
740,361,488,750,553,973
740,359,488,749,555,973
740,360,488,749,554,973
741,360,488,748,554,973
740,360,489,749,554,974
740,360,487,748,554,974
739,360,487,748,553,974
740,360,487,748,553,973
739,360,487,748,555,973
740,360,488,748,554,974
740,359,486,748,553,973
740,359,487,749,553,973
739,361,487,748,553,974
740,361,487,749,552,974
739,361,488,749,553,970
740,361,487,749,553,973
739,360,488,749,553,973
740,360,486,749,553,973
740,361,487,748,554,973
739,361,487,749,553,974
740,360,487,748,554,972
740,361,487,749,553,973
740,361,488,748,554,973
740,361,487,749,554,972
740,360,487,748,554,973
740,361,487,748,554,972
741,361,487,749,554,973
740,360,488,749,554,974
740,362,487,748,555,973
740,360,487,748,554,973
740,361,487,749,554,973
740,361,488,749,555,974
740,362,488,748,554,974
739,363,488,749,555,974
740,362,488,748,555,973
741,361,487,749,554,972
740,362,486,750,555,974
740,362,487,748,553,974
740,362,487,748,554,974
741,361,488,748,554,973
741,362,487,748,554,974
739,362,486,749,554,973
739,361,487,748,555,974
740,362,486,747,554,975
739,361,487,748,555,973
740,361,487,748,554,973
739,361,487,748,554,973
740,361,487,748,553,972
739,360,487,748,554,973
739,362,487,748,554,973
739,361,486,748,554,972
740,362,486,747,553,973
739,361,486,749,553,973
740,361,487,749,554,973
739,361,486,748,552,973
740,361,486,748,553,973
740,361,486,748,552,972
740,361,487,748,552,973
740,361,486,749,553,974
740,361,486,748,552,974
740,361,486,748,553,972
739,361,486,748,553,973
740,360,487,749,552,973
739,360,486,748,552,973
739,360,486,748,553,973
740,361,487,749,552,973
740,360,486,748,552,973
739,362,486,748,552,973
739,359,486,748,552,973
739,360,485,747,552,971
739,359,486,748,552,973
740,360,486,748,553,972
739,360,486,748,553,973
739,360,485,748,552,972
739,360,485,748,552,973
738,360,485,748,553,973
738,360,486,747,553,972
739,359,486,747,552,972
739,360,485,748,553,972
739,360,487,747,553,973
739,359,485,747,553,973
739,359,485,749,552,973
739,359,486,747,553,972
740,358,486,749,552,973
739,359,486,748,552,973
739,359,486,748,551,972
737,358,485,747,552,973
739,358,486,748,552,972
739,358,485,748,552,973
740,359,486,748,552,972
740,358,486,748,551,972
738,359,486,748,552,972
740,358,486,748,552,973
740,357,485,749,551,973
740,357,486,749,553,971
739,357,486,747,552,972
739,357,486,748,553,973
739,357,486,748,552,973
739,357,486,748,553,973
739,355,485,748,552,973
737,356,486,747,551,973
731,355,485,748,552,973
732,355,486,747,552,973
733,355,486,749,552,972
733,355,486,748,551,972
734,355,486,748,551,972
734,355,486,748,551,972
736,356,486,749,551,973
735,355,486,748,551,972
735,356,486,748,551,972
736,357,486,747,551,972
736,357,486,748,551,972
736,357,486,749,552,973
735,356,487,748,552,973
736,357,486,748,552,972
736,356,487,748,552,973
736,357,487,749,551,973
737,358,487,749,552,972
737,357,486,748,551,972
736,357,487,748,551,973
736,356,486,748,550,972
737,357,490,748,551,972
737,358,486,749,551,973
736,357,487,749,551,973
736,359,486,749,551,971
737,357,487,749,550,973
737,356,486,749,551,972
736,355,486,749,551,973
737,353,487,748,551,973
736,354,486,749,551,974
736,354,486,748,551,973
735,353,486,749,551,973
737,353,487,749,551,973
736,353,488,748,550,973
736,354,488,749,551,973
737,353,487,749,551,972
735,353,487,748,551,972
736,354,487,748,551,973
736,354,488,748,551,972
735,355,488,749,551,973
736,354,488,748,551,973
735,354,488,748,551,973
736,355,487,749,552,973
737,354,487,749,552,974
736,354,487,748,552,973
736,355,487,749,552,974
736,355,488,748,552,972
737,356,488,749,552,973
737,355,487,749,552,974
736,354,488,748,552,974
736,355,488,748,552,974
736,355,487,749,552,972
736,354,488,750,552,973
737,354,488,748,552,974
735,354,488,747,552,973
735,354,487,749,552,974
733,352,488,748,552,974
733,354,487,749,553,973
733,354,488,748,553,973
732,355,488,748,552,974
733,355,489,749,553,974
732,354,489,749,552,974
734,355,488,749,553,974
732,355,488,748,553,975
733,355,488,748,553,974
733,356,489,750,553,974
734,355,489,748,553,973
734,355,489,748,553,975
735,355,489,748,553,972
735,355,489,749,553,974
735,356,488,748,553,975
734,355,489,749,554,972
734,355,490,749,553,975
735,356,489,750,554,974
735,354,489,750,554,975
735,356,489,750,554,974
734,357,488,750,555,974
736,355,489,750,554,975
736,355,489,750,554,974
736,353,489,749,554,977
735,356,490,749,554,975
735,355,490,749,553,975
735,354,489,749,554,974
735,354,490,749,554,975
736,355,489,749,554,975
735,355,490,750,555,975
736,356,489,750,554,975
735,355,490,749,555,976
735,354,490,750,554,976
736,355,490,750,554,975
737,355,490,750,555,975
736,356,490,749,554,975
736,357,490,750,554,975
736,357,490,750,554,976
737,357,490,749,554,975
737,356,490,749,553,974
737,357,491,749,555,976
737,357,491,750,554,976
737,357,490,750,554,976
737,357,491,749,554,976
737,357,491,748,553,975
738,358,490,749,555,975
737,358,491,750,556,975
737,357,491,750,554,975
738,359,490,750,555,975
735,358,491,750,556,976
738,358,490,750,555,977
738,358,490,750,556,975
738,358,490,750,554,975
737,359,490,750,554,976
738,359,490,750,554,976
738,358,491,749,554,977
738,360,491,750,555,977
738,360,492,750,556,976
738,360,491,750,555,976
739,360,492,750,555,975
738,359,491,749,555,976
738,360,492,749,554,981
738,359,492,749,555,975
738,361,493,749,555,976
739,361,492,749,556,976
738,361,492,750,556,977
739,361,493,750,554,976
739,362,492,751,555,976
739,361,493,750,555,976
738,362,494,750,555,976
739,362,493,750,555,976
739,362,493,750,555,976
739,362,492,751,556,976
739,361,493,750,555,977
739,363,492,751,556,976
739,362,493,750,555,976
739,362,493,750,555,976
738,361,493,750,555,975
739,362,493,750,556,976
739,362,493,751,555,975
740,364,493,750,555,977
739,363,493,750,555,979
739,364,493,749,555,976
739,363,493,750,555,976
740,364,493,750,555,977
739,363,494,750,556,976
738,362,494,750,554,976
740,362,492,751,556,978
740,363,494,750,555,978
740,362,494,751,556,976
740,363,494,750,555,977
740,363,494,750,556,977
740,363,494,749,556,977
740,363,494,750,555,978
740,363,495,750,556,977
740,363,494,751,556,976
740,362,494,756,556,976
741,363,494,752,555,977
740,363,496,750,556,976
741,363,494,751,556,977
741,363,495,751,556,977
740,362,495,750,556,976
741,363,493,750,555,978
741,363,494,748,556,977
741,363,494,751,557,978
741,364,494,751,557,978
741,363,494,751,556,976
740,364,495,751,556,976
741,363,494,751,557,977
741,363,494,751,556,977
741,363,495,751,557,978
741,363,495,750,556,976
741,361,495,749,556,977
740,364,495,751,556,977
741,363,495,750,557,976
741,363,494,750,557,976
740,363,496,751,557,977
741,363,496,751,557,977
741,363,495,750,556,978
741,364,495,751,557,977
741,364,495,750,557,976
741,364,495,751,557,977
741,363,496,752,556,977
742,364,495,751,557,976
741,363,496,751,558,977
741,363,495,751,556,977
742,364,497,751,557,978
741,364,495,748,557,977
742,363,495,750,557,976
742,363,495,752,557,977
741,364,496,751,557,977
741,364,495,750,556,977
740,363,496,750,557,978
742,364,495,751,557,977
741,363,495,751,557,978
741,363,496,751,556,977
742,363,496,751,556,976
742,362,496,751,557,977
741,363,495,750,557,977
742,363,495,751,557,976
741,362,496,750,557,976
741,363,496,749,557,976
742,363,496,751,556,976
742,363,495,750,558,977
741,363,496,751,557,978
741,363,496,751,558,977
741,363,496,751,556,976
741,363,495,751,557,977
742,363,496,750,557,979
741,362,496,751,556,976
741,362,496,751,557,978
741,364,496,751,557,977
745,364,496,751,557,977
742,363,496,752,557,977
740,363,496,751,557,977
741,364,496,749,557,977
741,364,496,751,557,976
741,363,497,750,557,977
741,363,497,751,558,977
741,364,495,750,557,977
741,365,496,752,557,977
742,363,496,750,557,977
741,364,498,751,557,977
741,364,497,752,557,978
741,364,497,751,558,977
741,364,496,751,557,977
741,364,497,751,557,978
741,364,498,750,558,978
742,364,496,751,557,978
742,364,496,751,557,977
741,363,498,751,558,978
741,364,496,752,557,978
741,365,497,751,557,977
741,365,497,751,557,977
741,364,497,750,557,977
742,364,496,751,557,978
741,364,497,751,558,977
741,364,497,751,557,977
741,362,497,750,558,976
741,365,497,751,558,977
742,364,497,751,557,977
742,365,497,750,556,978
741,365,496,751,557,979
743,364,497,752,558,978
742,365,497,751,557,978
742,364,497,750,557,976
741,364,497,751,556,977
742,365,497,751,557,978
741,365,497,751,557,977
740,364,497,752,556,978
742,364,497,751,557,977
741,364,498,752,557,978
741,364,498,751,557,978
742,365,497,751,557,977
741,364,496,752,557,976
742,364,497,752,556,978
741,364,497,752,558,977
741,363,498,752,558,978
742,364,497,751,557,977
742,365,498,752,558,977
741,364,497,751,557,978
741,364,497,751,557,977
742,364,497,752,557,979
741,365,498,751,557,977
742,365,498,752,558,978
742,364,498,751,558,979
742,364,497,752,557,978
741,364,497,752,557,977
742,364,498,752,557,977
741,364,498,752,557,978
743,364,497,750,558,977
741,364,498,751,557,978
742,364,497,751,557,977
742,364,498,752,557,977
741,365,497,751,557,977
741,363,497,751,558,977
742,364,497,752,558,978
741,364,499,752,557,977
741,364,497,752,558,977
742,365,497,752,558,978
740,365,497,752,558,977
742,365,497,752,558,978
741,364,497,752,558,977
742,364,497,751,558,978
742,363,498,751,557,978
741,365,498,752,558,982
742,364,498,751,556,977
742,364,495,752,558,977
742,364,497,752,557,978
741,364,497,752,558,977
742,364,497,751,558,977
742,365,497,751,557,978
741,364,497,750,557,977
741,365,497,752,557,977
742,364,497,750,558,979
741,365,497,750,557,978
742,364,496,751,558,977
741,364,496,751,557,978
741,364,497,750,557,977
741,364,497,751,557,977
741,364,497,751,557,977
741,364,497,751,556,977
742,365,496,750,557,978
739,364,497,751,557,978
741,364,497,750,557,978
741,364,496,751,558,978
741,365,498,751,557,978
741,365,497,750,557,977
741,364,498,751,557,978
742,365,497,751,555,978
741,365,497,751,557,979
741,365,497,751,556,978
741,364,497,751,557,979
741,366,497,751,557,977
742,364,496,752,557,977
741,365,497,750,557,979
742,365,495,751,556,979
742,365,498,751,557,978
741,366,497,751,557,976
741,365,497,752,556,977
742,365,496,750,557,978
742,365,496,752,557,977
741,365,497,751,559,978
741,365,497,751,556,979
741,365,497,752,557,978
740,365,497,751,557,978
741,364,497,751,557,977
741,365,498,752,557,978
741,366,498,751,557,978
741,365,496,750,556,977
741,365,497,750,557,977
742,364,498,751,556,976
741,365,497,751,557,978
742,365,497,752,557,977
741,365,497,750,558,978
741,366,497,751,558,978
741,365,497,751,559,978
741,365,496,751,559,977
741,366,495,751,558,978
742,366,496,751,558,978
742,364,497,751,559,978
741,365,496,751,559,977
742,364,496,751,558,978
743,364,496,751,559,978
742,365,497,751,559,978
741,366,496,750,559,978
741,364,496,752,558,978
741,364,496,751,559,978
741,364,497,750,558,977
741,365,496,751,559,978
741,365,496,752,558,977
741,364,496,750,558,978
741,365,496,752,558,977
741,364,496,751,559,978
741,365,496,751,558,978
741,365,496,751,559,978
741,364,495,751,559,978
742,365,494,751,559,976
741,365,497,752,558,978
741,366,496,752,559,978
743,365,495,751,559,978
742,364,496,752,559,976
742,365,496,751,559,977
742,365,497,751,560,977
741,365,496,751,558,977
741,365,496,751,558,978
742,365,496,751,558,978
742,365,496,751,557,977
741,365,496,751,558,978
742,365,496,751,558,978
741,365,495,751,558,977
742,365,496,751,558,978
742,364,496,750,558,978
742,365,496,751,558,977
741,365,496,751,557,978
742,366,495,751,558,978
741,365,496,751,558,977
741,365,496,751,558,978
741,365,496,750,558,977
741,365,496,751,558,978
741,365,495,750,558,978
741,366,496,750,557,977
742,366,496,750,557,977
741,365,495,750,556,978
741,365,494,750,557,976
741,365,494,750,556,980
741,365,494,750,556,977
741,365,494,749,556,976
740,364,495,749,557,977
740,365,494,749,558,976
741,365,494,750,557,977
741,365,494,750,557,977
741,365,494,754,557,976
741,365,494,750,557,976
741,365,494,751,557,976
741,365,495,751,557,976
742,365,495,750,557,976
740,365,493,750,557,977
741,364,495,750,557,977
741,366,495,750,557,977
741,365,496,751,558,976
741,365,495,750,556,976
741,365,495,750,557,977
741,364,493,750,558,978
741,365,495,750,557,977
741,365,494,750,558,976
740,364,494,751,557,978
741,365,495,749,556,976
742,364,494,751,556,976
740,364,494,751,556,978
742,365,494,751,556,977
741,365,494,751,556,978
740,364,494,751,556,977
741,365,495,750,555,977
741,364,494,750,556,977
741,364,494,750,557,975
741,365,494,751,557,976
740,365,494,750,556,976
741,365,495,751,557,977
741,365,495,750,556,977
740,364,494,750,556,975
741,365,494,751,557,977
741,366,494,750,557,977
741,364,494,752,557,977
740,366,494,751,557,976
740,365,494,750,557,977
741,365,495,751,556,977
741,365,494,751,557,976
741,365,495,750,557,977
741,364,494,751,557,976
741,365,495,750,558,976
741,366,494,751,556,976
741,365,494,750,556,976
740,364,495,751,557,977
742,364,495,751,557,978
741,364,495,751,557,976
741,365,494,750,557,977
742,365,494,750,557,974
741,365,495,751,557,977
740,365,494,751,557,977
740,364,494,751,557,976
741,363,493,751,557,976
739,365,494,751,558,977
741,365,496,752,557,977
741,365,495,751,558,977
741,365,495,751,557,974
741,365,495,751,557,977
741,365,495,751,558,977
741,364,495,751,557,977
741,365,495,751,557,978
741,365,495,751,557,978
740,366,495,751,556,976
740,366,492,751,557,978
741,366,494,750,557,977
741,366,494,751,555,978
741,366,495,752,554,977
741,366,495,751,555,976
740,366,494,751,555,977
741,367,495,749,554,976
741,366,495,751,555,976
740,366,494,750,555,977
740,365,493,751,554,977
741,367,494,751,554,976
740,366,494,751,554,975
740,365,494,751,555,976
740,366,494,752,554,977
740,366,494,751,554,977
740,366,495,752,554,977
740,366,494,751,554,976
740,366,494,750,554,976
740,367,495,751,555,976
740,366,495,749,555,976
741,365,495,750,555,976
739,365,495,751,555,976
740,366,495,752,555,974
739,365,494,751,555,976
741,366,494,752,555,976
740,366,494,752,555,977
740,365,494,752,555,977
741,366,495,752,554,976
740,367,494,752,554,974
741,366,495,751,555,976
740,365,495,752,555,977
741,366,494,752,554,976
740,366,494,752,555,976
740,365,494,751,554,975
740,366,495,750,554,977
740,365,494,752,554,975
740,366,495,752,555,976
740,365,494,751,555,976
741,366,495,752,554,976
739,366,495,751,554,976
741,366,494,751,555,976
740,365,495,752,554,976
740,365,495,751,558,975
740,365,494,752,554,975
739,365,495,751,554,975
741,365,494,752,554,975
740,364,495,751,553,975
741,366,495,751,554,974
741,365,494,751,553,976
740,364,494,752,554,975
740,365,494,751,552,975
741,365,493,752,555,975
740,365,494,750,555,980
741,366,494,751,554,973
741,365,495,751,554,974
742,365,495,750,554,974
740,364,493,751,553,975
740,365,494,751,553,973
741,364,493,750,553,975
740,364,494,749,553,974
740,364,494,750,553,974
740,364,494,750,553,974
740,364,494,750,551,974
740,364,494,750,551,974
740,365,493,750,553,975
740,364,495,751,553,975
740,366,492,750,552,975
740,364,492,750,553,974
740,365,493,751,552,974
740,365,494,751,553,975
740,365,493,750,553,975
739,364,494,750,553,976
740,365,493,750,552,974
740,365,494,749,553,975
740,365,493,750,552,975
740,364,493,750,552,976
740,364,494,749,553,974
739,365,493,750,552,975
739,365,493,750,553,975
739,365,492,750,552,974
740,365,493,750,552,973
740,366,492,750,552,974
740,365,493,748,553,975
740,365,490,751,552,973
740,365,493,749,553,974
740,365,493,751,553,974
740,365,494,750,552,975
740,365,492,750,552,975
740,365,492,750,553,974
740,365,492,750,553,976
740,365,492,749,554,974
740,366,493,750,553,974
740,365,493,750,552,974
741,365,492,750,553,974
740,365,494,751,552,974
741,365,492,750,553,974
739,364,493,749,553,975
740,365,494,749,553,974
739,365,494,750,552,974
739,365,493,749,553,972
739,365,493,749,551,974
735,365,493,749,552,974
724,364,493,749,552,973
720,365,494,749,551,973
720,364,493,749,551,973
720,365,493,749,550,973
719,365,493,749,551,973
720,365,493,749,552,973
720,363,493,749,550,973
731,363,492,748,550,973
733,364,493,748,550,972
733,364,494,747,550,972
732,364,492,748,550,973
732,363,492,749,550,973
733,364,493,748,550,973
732,363,493,749,550,973
733,364,493,748,550,972
733,365,493,747,550,973
732,363,493,748,550,973
733,363,492,747,549,974
732,363,493,748,549,973
732,364,493,749,550,973
732,364,493,748,550,972
732,363,493,748,550,972
732,364,493,748,550,974
731,364,493,749,551,973
730,364,493,748,550,973
731,363,492,749,550,974
732,363,493,749,551,973
732,363,494,749,550,973
732,363,493,749,550,973
732,363,493,748,550,974
733,363,493,749,550,973
731,363,492,749,549,973
731,363,493,749,550,974
732,364,492,749,549,972
732,364,492,748,549,974
732,363,492,747,549,973
730,363,492,748,550,974
733,363,493,747,549,973
732,364,492,748,549,974
732,363,492,748,549,973
732,363,492,747,549,973
732,364,492,748,549,973
732,364,492,748,550,974
732,368,492,748,549,974
732,364,492,748,549,975
734,364,493,746,550,974
732,363,493,747,550,974
733,364,492,748,549,974
733,364,493,747,549,975
732,364,493,747,548,973
732,364,493,748,549,975
733,363,492,748,550,974
732,364,492,749,550,974
732,364,492,748,550,974
732,364,493,749,549,975
732,364,493,748,549,973
733,363,493,747,550,975
733,364,492,748,550,975
732,364,494,748,550,974
733,363,493,748,550,975
732,363,493,748,549,974
732,364,493,748,550,974
732,364,493,748,550,974
732,364,494,748,550,973
732,363,492,747,550,974
731,364,491,748,550,974
732,365,492,748,550,973
733,364,492,748,550,975
733,363,492,748,551,974
734,364,493,747,550,975
733,365,492,747,550,975
734,364,492,747,551,974
733,363,493,746,550,974
734,364,493,747,550,974
734,365,493,747,550,975
734,365,494,748,551,975
733,364,494,746,551,974
734,364,494,748,550,974
734,363,493,748,550,975
735,364,493,748,551,974
733,364,494,748,551,974
733,365,493,747,551,975
734,365,494,748,551,974
733,366,493,746,550,975
733,365,493,747,550,973
733,365,492,747,550,974
734,364,493,747,550,972
733,365,493,748,550,974
734,364,493,747,550,974
734,365,494,748,550,974
734,364,494,746,550,975
733,364,492,748,550,974
733,365,493,747,550,974
734,364,493,748,550,975
734,364,494,747,550,975
734,365,493,748,549,974
733,364,492,748,550,975
734,363,492,748,549,974
733,364,494,747,548,974
734,365,492,748,549,974
734,364,493,747,548,974
734,364,493,747,549,973
733,365,492,748,548,974
734,364,493,747,549,973
733,365,493,747,547,975
734,363,493,747,549,974
734,364,493,747,548,974
734,364,492,747,548,974
734,364,492,748,549,974
734,364,492,747,549,975
735,365,492,747,548,974
735,363,493,747,548,974
734,361,492,747,549,973
734,364,492,747,548,974
734,365,492,747,548,974
734,364,492,747,549,974
735,364,492,747,548,975
734,365,492,748,550,972
735,365,492,747,549,974
733,365,492,748,549,974
734,365,492,747,550,975
734,365,492,747,549,974
734,365,491,746,549,974
733,364,492,747,548,974
733,364,492,747,548,974
734,365,492,746,549,974
735,366,492,747,549,974
733,365,492,747,549,975
735,365,492,747,550,974
734,364,493,747,549,974
735,365,492,747,549,973
733,365,493,747,549,974
